LastUpdated: 31/12/2025,,"Names of forest reserves in gazettes and maps (""0"" if not found)",,,,,Notes on changes made to reserve names in maps of Dept Forestry 2022 and Dept Env 2012,
no,state,reserves_master,reserves_gaz,reserves_jpsm,reserves_doe,reserves_others,notes_deptfor,notes_deptenv
1,Johor,Air Hitam Utara,0,Air Hitam Utara,Air Hitam Utara,0,,
2,Pulau Pinang,Air Itam Dalam,Air Itam Dalam,0,0,0,,
3,Perak,Amanjaya,Amanjaya,Amanjaya,0,0,Reserve name changed from Aman Jaya to Amanjaya to match gazette,
4,Selangor,Ampang,0,Ampang,Ampang,0,,
5,Selangor,Ampang Pechah,0,Ampang Pechah,Ampang Pechah,0,,
6,Negeri Sembilan,Angsi,0,Angsi,Angsi,0,,"Merged Angsi Barat, Angsi Timur into Angsi to match DeptForestry map after checking locations"
7,Perak,Asam Kumbang,0,Asam Kumbang,Asam Kumbang,0,,Reserve name changed from Assam Kumbang to Asam Kumbang to match DeptForestry map
8,Pahang,Aur,0,Aur,Aur,0,,Reserve name Tiada Nama Hsk 2 changed to Aur to match DeptForestry map after checking locations
9,Pahang,Aur Gading,Aur Gading,Aur Gading,Aur Gading,0,,
10,Pahang,Aur Gading Tambahan,Aur Gading Tambahan,Aur Gading Tambahan,0,0,,
11,Perak,Ayer Chepam,Ayer Chepam,Ayer Chepam,Ayer Chepam,0,Reserve name changed from Air Chepam to Ayer Chepam to match gazette,Reserve name changed from Air Chepam to Ayer Chepam to match gazette
12,Kedah,Ayer Hangat,0,Ayer Hangat,Ayer Hangat,0,,
13,Selangor,Ayer Hitam Tambahan,Ayer Hitam Tambahan,Ayer Hitam Tambahan,Ayer Hitam Tambahan,0,,Reserve name changed from Air Hitam Tambahan to Ayer Hitam Tambahan to match DeptForestry map
14,Johor,Ayer Hitam Utara Tambahan,Ayer Hitam Utara Tambahan,Ayer Hitam Utara Tambahan,0,0,Reserve name changed from Air Hitam Utara Tambahan to Ayer Hitam Utara Tambahan to match gazette,
15,Selangor,Ayer Itam,Ayer Itam,Ayer Itam,Ayer Itam,0,Reserve name changed from Ayer Hitam to Ayer Itam to match gazette,Reserve name changed from Air Hitam to Ayer Itam to match DeptForestry map
16,Pahang,Bakau ,Bakau ,0,0,0,,
17,Perak,Bakau Kuala Gula,Bakau Kuala Gula,0,0,0,,
18,Perak,Bakau Sungai Nipah,Bakau Sungai Nipah,0,0,0,,
19,Kelantan,Balah,0,Balah,Balah,0,,
20,Pulau Pinang,Balik Pulau,0,Balik Pulau,Balik Pulau,0,,
21,Pahang,Balok,Balok,Balok,Balok,0,,
22,Pahang,Balok Paya Laut,0,Balok Paya Laut,Balok Paya Laut,0,,Reserve name changed from Balok Paya Laut Tambahan to Balok Paya Laut to match DeptForestry map after checking location
23,Pahang,Balok Tambahan,Balok Tambahan,Balok Tambahan,0,0,Reserve name changed from Balok(tambahan) to Balok Tambahan to match gazette,
24,Johor,Banang,0,Banang,Banang,0,,
25,Terengganu,Bandi,Bandi,Bandi,Bandi,0,Reserve name changed from Bukit Bandi to Bandi to match gazette,Reserve name changed from Bukit Bandi to Bandi to match gazette
26,Perak,Banding Belum,0,Banding Belum,Banding Belum,0,Reserve name changed from Banding (Belum) to Banding Belum to match gazette,Reserve name changed from Banding (Belum) to Banding Belum to match DeptForestry map
27,Selangor,Banjar Utara,0,Banjar Utara,Banjar Utara,0,,
28,Selangor,Banjar Utara Tambahan,0,Banjar Utara Tambahan,Banjar Utara Tambahan,0,,
29,Selangor,Batang Kali,0,Batang Kali,Batang Kali,0,,
30,Melaka,Batang Melaka,0,Batang Melaka,Batang Melaka,0,,
31,Pahang,Batu Beras,0,Batu Beras,Batu Beras,0,,
32,Pahang,Batu Gangan,0,Batu Gangan,Batu Gangan,0,,
33,Pahang,Batu Gangan Tambahan,0,Batu Gangan Tambahan,Batu Gangan Tambahan,0,,
34,Kelantan,Batu Papan,Batu Papan,Batu Papan,Batu Papan,0,,
35,Pahang,Batu Talam,Batu Talam,Batu Talam,Batu Talam,0,,
36,Pahang,Batu Talam Tambahan,Batu Talam Tambahan,Batu Talam Tambahan,0,0,,
37,Perak,Batu Undan,Batu Undan,Batu Undan,Batu Undan,0,,
38,Pahang,Batu Yon Tambahan,Batu Yon Tambahan,Batu Yon Tambahan,Batu Yon Tambahan,0,Reserve name changed from Batu Yon (Tambahan) to Batu Yon Tambahan to match gazette,Reserve name changed from Yong Tambahan 2 Lipis to Batu Yon Tambahan to match DeptForestry map after checking location
39,Pahang,Bebar Paya Laut,0,Bebar Paya Laut,Bebar Paya Laut,0,,Reserve name changed from Bebar to Bebar Paya Laut to match DeptForestry map after checking location
40,Perak,Behrang,Behrang,Behrang,Behrang,0,,
41,Terengganu,Belara,Belara,Belara,Belara,0,,
42,Perak,Belukar Semang,Belukar Semang,Belukar Semang,Belukar Semang,0,,
43,Perak,Belum,0,Belum,Belum,0,,
44,Johor,Belungkor,0,Belungkor,Belungkor,0,,
45,Pahang,Benchah Tambahan,Benchah Tambahan,Benchah Tambahan,Benchah Tambahan,0,,Reserve name changed from Bencah Tambahan to Benchah Tambahan to match DeptForestry map after checking location
46,Johor,Benut,Benut,Benut,Benut,0,,
47,Kelantan,Berangkat,Berangkat,Berangkat,Berangkat,0,,
48,Negeri Sembilan,Berembun,Berembun,Berembun,Berembun,0,,"Merged Berembun Barat, Berembun Timur into Berembun to match DeptForestry map after checking locations"
49,Pahang,Berkelah,Berkelah,Berkelah,Berkelah,0,Reserve name changed from Berkelah (Kuantan) to Berkelah to match gazette,Reserve name changed from Berkelah Kuantan to Berkelah to match DeptForestry map after checking location
50,Pahang,Berkelah Jerantut,0,Berkelah Jerantut,Berkelah Jerantut,0,Reserve name changed from Berkelah (Jerantut) to Berkelah Jerantut to match gazette,
51,Pahang,Berkelah Tambahan,Berkelah Tambahan,Berkelah Tambahan,Berkelah Tambahan,0,Reserve name changed from Berkelah Tambahan (Kuantan) to Berkelah Tambahan to match gazette,Reserve name changed from Berkelah Tambahan Kuantan to Berkelah Tambahan to match DeptForestry map after checking location
52,Pahang,Berkelah Temerloh,0,Berkelah Temerloh,Berkelah Temerloh,0,Reserve name changed from Berkelah (Temerloh) to Berkelah Temerloh to match gazette,
53,Pahang,Bertam,Bertam,Bertam,Bertam,0,,Reserve name changed from Ulu Bertam Tambahan to Bertam to match DeptForestry map after checking location
54,Pahang,Beserah,Beserah,Beserah,Beserah,0,,
55,Terengganu,Besul,Besul,Besul,Besul,0,,
56,Terengganu,Besul Tambahan,Besul Tambahan,Besul Tambahan,Besul Tambahan,0,Reserve name changed from Besul (Tambahan) to Besul Tambahan to match gazette,Reserve name changed from Besul (Tambahan) to Besul Tambahan to match DeptForestry map
57,Pahang,Betung,0,Betung,Betung,0,,
58,Perak,Bikam,Bikam,0,Bikam,0,,
59,Perak,Bintang Hijau,Bintang Hijau,Bintang Hijau,Bintang Hijau,0,"Merged Bintang Hijau (Hulu Perak), Bintang Hijau (Kuala Kangsar), Bintang Hijau (Larut/Matang) into Bintang Hijau. Reserve name changed from Bintang Hijau (Hulu Perak) to Bintang Hijau to match gazette","Merged Bintang Hijau (Kuala Kangsar), Bintang Hijau (Hulu Perak), Bintang Hijau (Larut Matang) into Bintang Hijau to match DeptForestry map after checking locations"
60,Perak,Bubu,Bubu,Bubu,Bubu,0,"Merged Bubu (Kinta/Manjung), Bubu (Kuala Kangsar), Bubu (Larut/Matang) into Bubu. Reserve name changed from Bubu (Kinta/Manjung) to Bubu to match gazette","Merged Bubu (Kinta Manjung), Bubu (Kuala Kangsar), Bubu (Larut Matang) into Bubu to match DeptForestry map after checking locations"
61,Perak,Bujang Melaka,Bujang Melaka,Bujang Melaka,Bujang Melaka,0,"Merged Bujang Melaka (Kinta/Manjung), Bujang Melaka (Perak Selatan) into Bujang Melaka. Reserve name changed from Bujang Melaka (Kinta/Manjung) to Bujang Melaka to match gazette","Merged Bujang Melaka (Kinta Manjung), Bujang Melaka (Perak Selatan) into Bujang Melaka to match DeptForestry map after checking locations"
62,Kelantan,Bukit Akar,0,Bukit Akar,Bukit Akar,0,,
63,Perlis,Bukit Anak Gajah,Bukit Anak Gajah,0,0,0,,
64,Selangor,Bukit Badong,Bukit Badong,0,0,0,,
65,Terengganu,Bukit Bauk,Bukit Bauk,Bukit Bauk,Bukit Bauk,0,,
66,Selangor,Bukit Belata,Bukit Belata,Bukit Belata,Bukit Belata,0,,
67,Selangor,Bukit Belata Tambahan,0,Bukit Belata Tambahan,Bukit Belata Tambahan,0,,
68,Selangor,Bukit Belata Tambahan II,Bukit Belata Tambahan II,Bukit Belata Tambahan II,Bukit Belata Tambahan II,0,Reserve name changed from Bukit Belata Tambahan 2 to Bukit Belata Tambahan II to match gazette,Reserve name changed from Bukit Belata Tambahan 2 to Bukit Belata Tambahan II to match DeptForestry map
69,Terengganu,Bukit Berok,Bukit Berok,Bukit Berok,0,0,Reserve name changed from Bukit Beruk to Bukit Berok to match gazette,
70,Melaka,Bukit Beruang,0,Bukit Beruang,Bukit Beruang,0,,
71,Perlis,Bukit Besi Hangit,Bukit Besi Hangit,0,0,Bukit Besi Hangit,,
72,Johor,Bukit Bindu,0,Bukit Bindu,Bukit Bindu,0,,
73,Perlis,Bukit Bintang,0,Bukit Bintang,Bukit Bintang,0,,
74,Selangor,Bukit Broga,Bukit Broga,0,0,Bukit Broga,,
75,Pahang,Bukit Bujang,0,Bukit Bujang,Bukit Bujang,0,,
76,Selangor,Bukit Cerakah Tambahan,Bukit Cerakah Tambahan,Bukit Cerakah Tambahan,Bukit Cerakah Tambahan,0,Reserve name changed from Bukit Cerakah (Tambahan) to Bukit Cerakah Tambahan to match gazette,Reserve name changed from Bukit Cerakah(T) to Bukit Cerakah Tambahan to match DeptForestry map
77,Perlis,Bukit Chabang,Bukit Chabang,0,0,Bukit Chabang,,
78,Selangor,Bukit Cherakah,Bukit Cherakah,Bukit Cherakah,Bukit Cherakah,0,,
79,Kedah,Bukit Enggang,0,Bukit Enggang,Bukit Enggang,0,,
80,Pahang,Bukit Galing,Bukit Galing,Bukit Galing,Bukit Galing,0,,
81,Pahang,Bukit Galing Tambahan,Bukit Galing Tambahan,0,0,0,,
82,Pahang,Bukit Gebok,0,Bukit Gebok,Bukit Gebok,0,,
83,Pahang,Bukit Gebok Tambahan,Bukit Gebok Tambahan,0,0,0,,
84,Pulau Pinang,Bukit Gemuroh,0,Bukit Gemuroh,Bukit Gemuroh,0,,Reserve name changed from Bukit Gemuruh to Bukit Gemuroh to match DeptForestry map
85,Pulau Pinang,Bukit Genting,0,Bukit Genting,Bukit Genting,0,,
86,Kedah,Bukit Genting Iboi,Bukit Genting Iboi,Bukit Genting Iboi,0,0,,
87,Terengganu,Bukit Gong,0,Bukit Gong,Bukit Gong,0,,
88,Perlis,Bukit Guar Sami,Bukit Guar Sami,0,0,Bukit Guar Sami,,
89,Johor,Bukit Hantu (Johor),0,Bukit Hantu (Johor),Bukit Hantu (Johor),0,"Reserve named added ""Johor"" to differentiate from the ones in Kelantan",
90,Kelantan,Bukit Hantu (Kelantan),0,Bukit Hantu (Kelantan),Bukit Hantu (Kelantan),0,"Reserve named added ""Kelantan"" to differentiate from the ones in Johor",Reserve name changed from Bukit Hantu to Bukit Hantu (Kelantan) to differentiate from the Johor reserve
91,Pahang,Bukit Ibam,Bukit Ibam,Bukit Ibam,Bukit Ibam,0,Merged Bukit Ibam (Kuantan) & Bukit Ibam (Rompin) into Bukit Ibam. Reserve name changed from Bukit Ibam (Kuantan) to Bukit Ibam to match gazette.,"Merged Bukit Ibam Rompin, Ibam (Kuantan) into Bukit Ibam to match DeptForestry map after checking locations"
92,Pahang,Bukit Ibam Tambahan,Bukit Ibam Tambahan,0,0,0,,
93,Johor,Bukit Inas,0,Bukit Inas,Bukit Inas,0,,
94,Terengganu,Bukit Jemalang,0,Bukit Jemalang,Bukit Jemalang,0,,
95,Perlis,Bukit Jernih ,Bukit Jernih ,0,0,Bukit Jernih ,,
96,Pahang,Bukit Jerut,0,Bukit Jerut,Bukit Jerut,0,,
97,Pahang,Bukit Jerut Tambahan,0,Bukit Jerut Tambahan,0,0,,
98,Selangor,Bukit Jugra,0,Bukit Jugra,Bukit Jugra,0,,
99,Selangor,Bukit Jugra Tambahan,0,Bukit Jugra Tambahan,Bukit Jugra Tambahan,0,,
100,Pulau Pinang,Bukit Juru,0,Bukit Juru,Bukit Juru,0,,
101,Pahang,Bukit Kajang,Bukit Kajang,Bukit Kajang,Bukit Kajang,0,,
102,Pahang,Bukit Kajang Tambahan,0,Bukit Kajang Tambahan,0,0,,
103,Terengganu,Bukit Kambing,0,Bukit Kambing,Bukit Kambing,0,,
104,Kedah,Bukit Kemunting,Bukit Kemunting,Bukit Kemunting,0,0,,
105,Pulau Pinang,Bukit Kerajaan,0,Bukit Kerajaan,Bukit Kerajaan,0,,
106,Kedah,Bukit Keramat,Bukit Keramat,Bukit Keramat,0,0,,
107,Pahang,Bukit Kerisek,0,Bukit Kerisek,Bukit Kerisek,0,,
108,Kedah,Bukit Kerong,Bukit Kerong,Bukit Kerong,0,0,,
109,Terengganu,Bukit Kesing,0,Bukit Kesing,Bukit Kesing,0,,
110,Perak,Bukit Kinta,Bukit Kinta,Bukit Kinta,Bukit Kinta,0,,
111,Pahang,Bukit Kuantan,Bukit Kuantan,Bukit Kuantan,Bukit Kuantan,0,,
112,Pahang,Bukit Kuantan Tambahan,0,Bukit Kuantan Tambahan,0,0,Reserve name changed from Bukit Kuantan(Tambahan) to Bukit Kuantan Tambahan to match gazette,
113,Selangor,Bukit Kutu,0,Bukit Kutu,Bukit Kutu,0,,
114,Terengganu,Bukit Labohan,0,Bukit Labohan,Bukit Labohan,0,,
115,Selangor,Bukit Lagong,Bukit Lagong,Bukit Lagong,Bukit Lagong,0,,
116,Selangor,Bukit Lagong Plot A,Bukit Lagong Plot A,Bukit Lagong Plot A,0,0,,
117,Selangor,Bukit Lagong Tambahan,0,0,Bukit Lagong Tambahan,0,,"DOE's Bukit Lagong Tambahan in Selangor includes Bukit Lagong Tambahan A, Bukit Lagong Tambahan B in Kuala Lumpur in DeptForestry map"
118,Kuala Lumpur,Bukit Lagong Tambahan A,0,Bukit Lagong Tambahan A,0,0,,
119,Kuala Lumpur,Bukit Lagong Tambahan B,0,Bukit Lagong Tambahan B,0,0,,
120,Perak,Bukit Larut,Bukit Larut,Bukit Larut,Bukit Larut,0,"Merged Bukit Larut (Kuala Kangsar), Bukit Larut (Larut Matang) into Bukit Larut. Reserve name changed from Bukit Larut (Kuala Kangsar) to Bukit Larut to match gazette","Merged Bukit Larut (Kuala Kangsar), Bukit Larut (Larut Matang) into Bukit Larut to match DeptForestry map after checking locations"
121,Kedah,Bukit Malut,0,Bukit Malut,Bukit Malut,0,,
122,Perlis,Bukit Manek,Bukit Manek,0,0,Bukit Manek,,
123,Pulau Pinang,Bukit Mertajam,0,Bukit Mertajam,Bukit Mertajam,0,,
124,Terengganu,Bukit Mual,Bukit Mual,Bukit Mual,0,0,,
125,Perak,Bukit Naga,0,Bukit Naga,Bukit Naga,0,,
126,Perlis,Bukit Namera,Bukit Namera,Bukit Namera,Bukit Namera,0,,
127,Kuala Lumpur,Bukit Nenas,0,Bukit Nenas,Bukit Nenas,0,,
128,Terengganu,Bukit Palus,Bukit Palus,Bukit Palus,Bukit Palus,0,,
129,Pulau Pinang,Bukit Panchur,0,Bukit Panchur,Bukit Panchur,0,,
130,Terengganu,Bukit Panjang,0,Bukit Panjang,Bukit Panjang,0,,
131,Perlis,Bukit Papan,Bukit Papan,0,0,Bukit Papan,,
132,Johor,Bukit Payong (Johor),0,Bukit Payong (Johor),Bukit Payong (Johor),0,"Reserve named added ""Johor"" to differentiate from the ones in Kedah and Perak",Reserve name changed from Bukit Payung to Bukit Payong to match DeptForestry map
133,Kedah,Bukit Payong (Kedah),Bukit Payong (Kedah),Bukit Payong (Kedah),0,0,,
134,Perak,Bukit Payong (Perak),Bukit Payong (Perak),Bukit Payong (Perak),Bukit Payong (Perak),0,Reserve name changed from Bukit Payung (Kuala Kangsar) to Bukit Payong (Perak) to match gazette,Reserve name changed from Bukit Payung (Kuala Kangsar) to Bukit Payong (Perak) to match DeptForestry map
135,Pulau Pinang,Bukit Penara,0,Bukit Penara,Bukit Penara,0,,Reserve name changed from Penara Bukit to Bukit Penara to match DeptForestry map
136,Kedah,Bukit Perak,Bukit Perak,Bukit Perak,Bukit Perak,0,,
137,Kedah,Bukit Perangin,Bukit Perangin,Bukit Perangin,Bukit Perangin,0,,
138,Pulau Pinang,Bukit Relau,0,Bukit Relau,Bukit Relau,0,,
139,Terengganu,Bukit Sai,0,Bukit Sai,Bukit Sai,0,,
140,Kedah,Bukit Saiong,Bukit Saiong,Bukit Saiong,0,0,,
141,Kedah,Bukit Sawak,0,Bukit Sawak,Bukit Sawak,0,,
142,Melaka,Bukit Sedanan,0,Bukit Sedanan,Bukit Sedanan,0,,
143,Melaka,Bukit Senggeh,0,Bukit Senggeh,Bukit Senggeh,0,,
144,Pulau Pinang,Bukit Seraya,0,Bukit Seraya,Bukit Seraya,0,,
145,Perak,Bukit Slim,Bukit Slim,Bukit Slim,Bukit Slim,0,,Reserve name changed from Bukit Selim to Bukit Slim to match DeptForestry map
146,Perak,Bukit Slim Tambahan,Bukit Slim Tambahan,0,0,0,,
147,Selangor,Bukit Sungai Puteh (Selangor),Bukit Sungai Puteh (Selangor),Bukit Sungai Puteh (Selangor),Bukit Sungai Puteh (Selangor),0,"Merged Bukit Sungai Puteh (S), Bukit Sungai Puteh (U) into Bukit Sungai Puteh. Reserve name ""Selangor"" to differentiate from the Kuala Lumpur reserve","Merged Bukit Sungai Puteh (S), Bukit Sungai Puteh (U), into Bukit Sungai Puteh to match DeptForestry map after checking locations"
148,Kuala Lumpur,Bukit Sungai Puteh Perlindungan Burung-Burung,0,Bukit Sungai Puteh Perlindungan Burung-Burung,0,0,Reserve name changed from Bukit Sungai Puteh (Perlindungan Burung-Burung) to Bukit Sungai Puteh Perlindungan Burung-Burung to match gazette,
149,Kuala Lumpur,Bukit Sungei Puteh (Kuala Lumpur),Bukit Sungei Puteh (Kuala Lumpur),Bukit Sungei Puteh (Kuala Lumpur),Bukit Sungei Puteh (Kuala Lumpur),0,Reserve name changed from Bukit Sungai Puteh to Bukit Sungei Puteh (Kuala Lumpur) to match gazette and differentiate from the Selangor reserve,Reserve name changed from Bukit Sg Puteh to Bukit Sungei Puteh (Kuala Lumpur) to match DeptForestry map
150,Pahang,Bukit Taching,Bukit Taching,Bukit Taching,Bukit Taching,0,Merged Bukit Taching (Lipis) & Bukit Taching (Raub) into Bukit Taching. Reserve name changed from Bukit Taching (Lipis) to Bukit Taching to match gazette,"Merged Bukit Taching Raub, Bukit Taching Lipis into Bukit Taching to match DeptForestry map after checking locations"
151,Perak,Bukit Tapah,Bukit Tapah,Bukit Tapah,Bukit Tapah,0,,
152,Perak,Bukit Tapah Tambahan,Bukit Tapah Tambahan,0,0,0,,
153,Selangor,Bukit Tarek,Bukit Tarek,Bukit Tarek,Bukit Tarek,0,,
154,Selangor,Bukit Tarek Tambahan,0,Bukit Tarek Tambahan,Bukit Tarek Tambahan,0,,
155,Selangor,Bukit Tarek Tambahan II,Bukit Tarek Tambahan II,Bukit Tarek Tambahan II,Bukit Tarek Tambahan II,0,Reserve name changed from Bukit Tarek Tambahan 2 to Bukit Tarek Tambahan II to match gazette,Reserve name changed from Bukit Tarek Tambahan 2 to Bukit Tarek Tambahan II to match DeptForestry map
156,Terengganu,Bukit Terendak,Bukit Terendak,Bukit Terendak,Bukit Terendak,0,,
157,Pahang,Bukit Tinggi,Bukit Tinggi,Bukit Tinggi,Bukit Tinggi,0,,Part of Bukit Tinggi Tambahan was renamed to Bukit Tinggi to match DeptForestry map after checking location
158,Pahang,Bukit Tinggi Tambahan,0,Bukit Tinggi Tambahan,Bukit Tinggi Tambahan,0,,Part of Bukit Tinggi Tambahan was renamed to Bukit Tinggi to match DeptForestry map after checking location
159,Perlis,Bukit Tok Seri,Bukit Tok Seri,0,0,0,,
160,Perlis,Bukit Tung Tung,Bukit Tung Tung,Bukit Tung Tung,Bukit Tung Tung,0,Reserve name changed from Bukit Tung - Tung to Bukit Tung Tung to match gazette,Reserve name changed from Bukit Tung - Tung to Bukit Tung Tung to match DeptForestry map
161,Selangor,Buloh Telor Barat,Buloh Telor Barat,0,0,Buloh Telor Barat,,
162,Selangor,Buloh Telor Timur,Buloh Telor Timur,0,0,Buloh Telor Timur,,
163,Pahang,Bungor,0,Bungor,Bungor,0,,
164,Pahang,Bungor Tambahan,Bungor Tambahan,0,0,0,,
165,Pulau Pinang,Byram,Byram,Byram,Byram,0,,
166,Perak,Cabai Malai,0,Cabai Malai,Cabai Malai,0,,
167,Terengganu,Cerul,0,Cerul,Cerul,0,,
168,Kelantan,Chabang Tongkat,Chabang Tongkat,Chabang Tongkat,Chabang Tongkat,0,,
169,Perak,Changkat Keruing,Changkat Keruing,0,0,0,,
170,Kedah,Chebar Besar,0,Chebar Besar,Chebar Besar,0,,
171,Kedah,Chebar Kecil,0,Chebar Kecil,Chebar Kecil,0,,
172,Pahang,Cherating Paya Laut,0,Cherating Paya Laut,Cherating Paya Laut,0,,Reserve name changed from Paya Laut Cherating to Cherating Paya Laut to match DeptForestry map after checking location
173,Kelantan,Chiku,0,Chiku,Chiku,0,,
174,Pahang,Chini,Chini,Chini,Chini,0,"Merged Chini (Kuantan), Chini (Rompin), Chini (Temerloh) into Chini. Reserve name changed from Chini (Kuantan) to Chini to match gazette","Merged Chini Kuantan, Chini Rompin, Chini Temerloh into Chini to match DeptForestry map after checking locations"
175,Pahang,Chini Tambahan,Chini Tambahan,Chini Tambahan,Chini Tambahan,0,Reserve name changed from Chini Tambahan Temerloh to Chini Tambahan to match gazette,Reserve name changed from Ibam (Temerloh) to Chini Tambahan to match DeptForestry map after checking location
176,Perak,Chior Big Game,Chior Big Game,0,0,Chior Big Game,,
177,Pahang,Chuat,0,Chuat,Chuat,0,,
178,Pahang,Chuat Tambahan,Chuat Tambahan,Chuat Tambahan,Chuat Tambahan,0,,
179,Perak,Durian Pipit,Durian Pipit,0,0,0,,
180,Pahang,Endau,0,Endau,Endau,0,,
181,Pahang,Endau Paya Laut,0,Endau Paya Laut,Endau Paya Laut,0,,
182,Pahang,Endau Tambahan,Endau Tambahan,0,0,0,,
183,Perak,Erong,Erong,0,0,0,,
184,Selangor,Gading,0,Gading,Gading,0,,
185,Negeri Sembilan,Gallah,Gallah,Gallah,Gallah,0,,
186,Johor,Gantian Tenggaroh,0,0,Gantian Tenggaroh,0,,
187,Negeri Sembilan,Gapau,0,Gapau,Gapau,0,,
188,Pahang,Gayung,0,Gayung,Gayung,0,,
189,Negeri Sembilan,Gemas Selatan,Gemas Selatan,Gemas Selatan,Gemas Selatan,0,,
190,Johor,Gemereh,Gemereh,Gemereh,Gemereh,0,,
191,Perak,Gerik,Gerik,Gerik,Gerik,0,,
192,Kedah,Gua Cherita,0,Gua Cherita,Gua Cherita,0,,
193,Kelantan,Gunong Basor,Gunong Basor,Gunong Basor,Gunong Basor,0,Reserve name changed from Gunung Basor to Gunong Basor to match gazette,Reserve name changed from Gunung Basur to Gunong Basor to match DeptForestry map
194,Kelantan,Gunong Chamah,Gunong Chamah,0,0,0,,
195,Kelantan,Gunong Stong,Gunong Stong,0,0,0,,
196,Kelantan,Gunong Stong Selatan,Gunong Stong Selatan,Gunong Stong Selatan,Gunong Stong Selatan,0,Reserve name changed from Gunung Stong Selatan to Gunong Stong Selatan to match gazette,Reserve name changed from Gunung Stong Selatan to Gunong Stong Selatan to match DeptForestry map
197,Kelantan,Gunong Stong Tengah,Gunong Stong Tengah,Gunong Stong Tengah,Gunong Stong Tengah,0,Reserve name changed from Gunung Stong Tengah to Gunong Stong Tengah to match gazette,Reserve name changed from Gunung Stong Tengah to Gunong Stong Tengah to match DeptForestry map
199,Pahang,Gunung Aais,0,Gunung Aais,Gunung Aais,0,,
200,Pahang,Gunung Aais Tambahan,Gunung Aais Tambahan,Gunung Aais Tambahan,Gunung Aais Tambahan,0,Reserve name changed from Gunung Aais (Tambahan) to Gunung Aais Tambahan to match gazette,
201,Johor,Gunung Arong,Gunung Arong,Gunung Arong,Gunung Arong,0,,Reserve name changed from Gunong Arong to Gunung Arong to match DeptForestry map
202,Johor,Gunung Arong Tadahan Air,0,Gunung Arong Tadahan Air,Gunung Arong Tadahan Air,0,Reserve name changed from Gunung Arong ( Tadahan Air ) to Gunung Arong Tadahan Air to match gazette,Reserve name changed from Gunung Arong (Tadahan Air) to Gunung Arong Tadahan Air to match DeptForestry map
203,Johor,Gunung Arong Tambahan ,Gunung Arong Tambahan ,0,0,0,,
204,Johor,Gunung Arong Tambahan 2,0,Gunung Arong Tambahan 2,Gunung Arong Tambahan 2,0,,Reserve name changed from Gunung Arong Tamb 2 to Gunung Arong Tambahan 2 to match DeptForestry map
205,Johor,Gunung Arong Tambahan A,Gunung Arong Tambahan A,0,0,0,,
206,Johor,Gunung Arong Tambahan B,Gunung Arong Tambahan B,0,0,0,,
207,Kelantan,Gunung Basor Tambahan,0,Gunung Basor Tambahan,Gunung Basor Tambahan,0,,Reserve name changed from Gunong Basur Tambahan to Gunung Basor Tambahan to match DeptForestry map
208,Pahang,Gunung Benom,0,Gunung Benom,Gunung Benom,0,,
209,Pahang,Gunung Benum Tambahan,Gunung Benum Tambahan,0,0,0,,
210,Perak,Gunung Besout,Gunung Besout,Gunung Besout,Gunung Besout,0,,
211,Kedah,Gunung Bongsu,0,Gunung Bongsu,Gunung Bongsu,0,,
212,Perak,Gunung Gajah,Gunung Gajah,0,0,0,,
213,Kedah,Gunung Inas,Gunung Inas,Gunung Inas,Gunung Inas,0,,
214,Kedah,Gunung Jerai,Gunung Jerai,Gunung Jerai,Gunung Jerai,0,,
215,Perak,Gunung Lang,0,Gunung Lang,Gunung Lang,0,,
216,Johor,Gunung Ledang,Gunung Ledang,Gunung Ledang,Gunung Ledang,0,,Reserve name changed from Gunong Ledang to Gunung Ledang to match DeptForestry map
217,Pahang,Gunung Lesong,0,Gunung Lesong,Gunung Lesong,0,,Reserve name changed from Lesong Tambahan Rompin to Gunung Lesong to match DeptForestry map after checking location
218,Kedah,Gunung Machinchang,0,Gunung Machinchang,Gunung Machinchang,0,,
219,Johor,Gunung Pulai,Gunung Pulai,Gunung Pulai,Gunung Pulai,0,,Reserve name changed from Gunong Pulai to Gunung Pulai to match DeptForestry map
220,Kelantan,Gunung Rabong,0,Gunung Rabong,Gunung Rabong,0,,
221,Perak,Gunung Rapat,Gunung Rapat,0,0,0,,
222,Kedah,Gunung Raya,Gunung Raya,Gunung Raya,Gunung Raya,0,,
223,Perak,Gunung Semanggol,0,Gunung Semanggol,Gunung Semanggol,0,,
224,Pahang,Gunung Siku,0,Gunung Siku,Gunung Siku,0,,
225,Pahang,Gunung Siku A,0,Gunung Siku A,0,0,,
226,Pahang,Gunung Siku B,0,Gunung Siku B,0,0,,
227,Pahang,Gunung Siku Tambahan,0,Gunung Siku Tambahan,0,0,Reserve name changed from Gunung Siku (Tambahan) to Gunung Siku Tambahan to match gazette,
228,Kelantan,Gunung Stong Utara,0,Gunung Stong Utara,Gunung Stong Utara,0,,
229,Terengganu,Gunung Tebu,Gunung Tebu,Gunung Tebu,Gunung Tebu,0,,
230,Kedah,Gunung Ternas,Gunung Ternas,0,0,0,,
231,Perak,Gunung Tunggal,0,Gunung Tunggal,Gunung Tunggal,0,,
232,Pulau Pinang,Highland,0,Highland,Highland,0,,
233,Terengganu,Hulu Besut,0,Hulu Besut,Hulu Besut,0,,
234,Pahang,Hulu Dong,Hulu Dong,Hulu Dong,Hulu Dong,0,Reserve name changed from Ulu Dong to Hulu Dong to match gazette,Reserve name changed from Ulu Dong to Hulu Dong to match gazette
235,Perak,Hulu Ijok,Hulu Ijok,0,0,0,,
236,Selangor,Hulu Langat,0,Hulu Langat,Hulu Langat,0,,
237,Pahang,Hulu Lemoi,0,Hulu Lemoi,Hulu Lemoi,0,,
238,Pahang,Hulu Lemoi Tambahan,0,Hulu Lemoi Tambahan,Hulu Lemoi Tambahan,0,,Reserve name changed from Hulu Lemoi (Tambahan) to Hulu Lemoi Tambahan to match DeptForestry map
239,Terengganu,Hulu Nerus,Hulu Nerus,Hulu Nerus,Hulu Nerus,0,,
240,Selangor,Hulu Selangor,0,Hulu Selangor,Hulu Selangor,0,,
241,Terengganu,Hulu Setiu,Hulu Setiu,Hulu Setiu,Hulu Setiu,0,,
242,Pahang,Hulu Sungai Atok,0,Hulu Sungai Atok,0,0,,
243,Terengganu,Hulu Telemung,Hulu Telemung,Hulu Telemung,Hulu Telemung,0,Reserve name changed from Hulu Telemong to Hulu Telemung to match gazette,Reserve name changed from Hulu Telemong to Hulu Telemung to match DeptForestry map
244,Terengganu,Hulu Terengganu,Hulu Terengganu,Hulu Terengganu,Hulu Terengganu,0,,
245,Terengganu,Hulu Terengganu Tambahan,0,Hulu Terengganu Tambahan,Hulu Terengganu Tambahan,0,Reserve name changed from Hulu Terengganu (Tambahan) to Hulu Terengganu Tambahan to match gazette,Reserve name changed from Hulu Terengganu (Tambahan) to Hulu Terengganu Tambahan to match DeptForestry map
246,Pahang,Hulu Tranum,0,Hulu Tranum,0,0,,
247,Pahang,Ibam Tambahan,Ibam Tambahan,0,0,0,,
248,Perak,Ijok,Ijok,Ijok,Ijok,0,,
249,Terengganu,Jabur,0,Jabur,Jabur,0,,
250,Terengganu,Jambu Bongkok,0,Jambu Bongkok,Jambu Bongkok,0,,
251,Perak,Jebong,Jebong,Jebong,Jebong,0,,
252,Kelantan,Jedok,Jedok,Jedok,Jedok,0,,
253,Negeri Sembilan,Jelai-Gemas,Jelai-Gemas,0,0,0,,
254,Kelantan,Jeli,0,Jeli,Jeli,0,,
255,Johor,Jemaluang,Jemaluang,0,Jemaluang,0,,
256,Johor,Jemaluang Tambahan,0,Jemaluang Tambahan,0,0,,
257,Johor,Jementah,Jementah,Jementah,Jementah,0,,
258,Johor,Jementah Tambahan,Jementah Tambahan,Jementah Tambahan,0,0,,
259,Terengganu,Jengai,Jengai,Jengai,Jengai,0,,
260,Pahang,Jengka,Jengka,Jengka,Jengka,0,,
261,Kelantan,Jentiang,Jentiang,Jentiang,Jentiang,0,,
262,Negeri Sembilan,Jeram Padang Selatan,Jeram Padang Selatan,0,0,0,,
263,Negeri Sembilan,Jeram Padang Utara,Jeram Padang Utara,0,0,0,,
264,Terengganu,Jerangau,Jerangau,Jerangau,Jerangau,0,,
265,Pahang,Jerantut,Jerantut,Jerantut,Jerantut,0,,
266,Pahang,Jerantut Tambahan,Jerantut Tambahan,Jerantut Tambahan,Jerantut Tambahan,0,Reserve name changed from Jerantut (Tambahan) to Jerantut Tambahan to match gazette,Reserve name changed from Jerantut (Tambahan) to Jerantut Tambahan to match DeptForestry map
267,Kedah,Jerlun,Jerlun,0,0,0,,
268,Negeri Sembilan,Johol,Johol,Johol,Johol,0,,
269,Selangor,Jugra Kompok I,Jugra Kompok I,Jugra Kompok I,Jugra Kompok I,0,Reserve name changed from Jugra Kompok 1 to Jugra Kompok I to match gazette,Reserve name changed from Jugra 1 to Jugra Kompok I to match DeptForestry map
270,Selangor,Jugra Kompok II,Jugra Kompok II,Jugra Kompok II,Jugra Kompok II,0,Reserve name changed from Jugra Kompok 2 to Jugra Kompok II to match gazette,Reserve name changed from Jugra 2 to Jugra Kompok II to match DeptForestry map
271,Pulau Pinang,Juru,Juru,0,0,0,,
272,Perak,Kampar,Kampar,Kampar,Kampar,0,,
273,Perak,Kampong Gajah,0,Kampong Gajah,Kampong Gajah,0,,
274,Selangor,Kanching,Kanching,Kanching,Kanching,0,,
275,Selangor,Kapar,0,Kapar,Kapar,0,,
276,Selangor,Kapar Tambahan,0,Kapar Tambahan,Kapar Tambahan,0,,
277,Pahang,Kawasan Pemuliharaan Tasek Bera,Kawasan Pemuliharaan Tasek Bera,Kawasan Pemuliharaan Tasek Bera,Kawasan Pemuliharaan Tasek Bera,0,,Reserve name changed from Tasik Bera to Kawasan Pemuliharaan Tasek Bera to match DeptForestry map
278,Pahang,Kechau,0,Kechau,Kechau,0,,
279,Pahang,Kedondong,0,Kedondong,Kedondong,0,,
280,Pahang,Kelau,Kelau,Kelau,Kelau,0,,
281,Perak,Kelip-Kelip,Kelip-Kelip,Kelip-Kelip,0,0,Reserve name changed from Kelip kelip to Kelip-Kelip to match gazette,
282,Pahang,Kemasul,Kemasul,Kemasul,Kemasul,0,"Merged Kemasul (Bentong), Kemasul (Temerloh) into Kemasul. Reserve name changed from Kemasul (Bentong) to Kemasul to match gazette","Merged Kemasul (Bentong), Kemasul (Temerloh) into Kemasul to match DeptForestry map after checking locations"
283,Pahang,Kemasul Tambahan,Kemasul Tambahan,Kemasul Tambahan,Kemasul Tambahan,0,"Merged Kemasul Tambahan (Bentong), Kemasul Tambahan (Temerloh) into Kemasul Tambahan. Reserve name changed from Kemasul Tambahan (Bentong) to Kemasul Tambahan to match gazette","Merged Kemasul Tambahan (Bentong), Kemasul Tambahan (Temerloh) into Kemasul Tambahan to match DeptForestry map after checking locations"
284,Melaka,Kemuning,0,Kemuning,0,0,,
285,Negeri Sembilan,Kenaboi,Kenaboi,Kenaboi,Kenaboi,0,,"Merged Kenaboi Barat, Kenaboi Timur into Kenaboi to match DeptForestry map after checking locations"
286,Perak,Kenderong,Kenderong,Kenderong,Kenderong,0,,
287,Pahang,Kerambit,Kerambit,Kerambit,Kerambit,0,,
288,Pahang,Kertam,0,Kertam,Kertam,0,,
289,Perak,Kinta Tambahan,Kinta Tambahan,0,0,0,,
290,Kedah,Kisap,0,Kisap,Kisap,0,,
291,Pahang,Klau,Klau,Klau,Klau,0,Reserve name changed from Klau /Raka (Tambahan) to Klau to match gazette,
292,Pahang,Klau Tambahan,Klau Tambahan,Klau Tambahan,Klau Tambahan,0,Reserve name changed from Klau/Raka to Klau Tambahan to match gazette,
293,Perak,Kledang Saiong,Kledang Saiong,Kledang Saiong,Kledang Saiong,0,"Merged Kledang Saiong (Kinta/Manjung), Kledang Saiong (Kinta Mangjung), Kledang Saiong (Kuala Kangsar) into Kledang Saiong. Reserve name changed from Kledang Saiong (Kinta Mangjung) to Kledang Saiong to match gazette","Merged Kledang Saiong (Kinta Manjung), Kledang Saiong (Kuala Kangsar) into Kledang Saiong to match DeptForestry map after checking locations"
294,Johor,Kluang,Kluang,Kluang,Kluang,0,,
295,Johor,Kluang Tambahan,Kluang Tambahan,0,0,Kluang Tambahan,,
296,Kedah,Koh Moi,Koh Moi,Koh Moi,Koh Moi,0,,
297,Perak,Korbu,Korbu,Korbu,Korbu,0,,
298,Selangor,Kota Damansara,Kota Damansara,Kota Damansara,Kota Damansara,0,,
299,Perak,Kota Siam,0,Kota Siam,Kota Siam,0,,
300,Pahang,Krau,0,Krau,Krau,0,,
301,Pahang,Krau Tambahan,0,Krau Tambahan,0,0,Reserve name changed from Krau (Tambahan) to Krau Tambahan to match gazette,
302,Kedah,Kuah,0,Kuah,Kuah,0,,
303,Perak,Kuala Bagan Tiang,Kuala Bagan Tiang,0,0,0,,
304,Pulau Pinang,Kuala Bekah,Kuala Bekah,0,0,0,,
305,Selangor,Kuala Bernam,0,Kuala Bernam,Kuala Bernam,0,,
306,Terengganu,Kuala Kemaman,0,Kuala Kemaman,Kuala Kemaman,0,,
307,Selangor,Kuala Langat Selatan,Kuala Langat Selatan,Kuala Langat Selatan,Kuala Langat Selatan,0,,
308,Selangor,Kuala Langat Selatan Tambahan,0,Kuala Langat Selatan Tambahan,Kuala Langat Selatan Tambahan,0,,
309,Selangor,Kuala Langat Utara,Kuala Langat Utara,Kuala Langat Utara,Kuala Langat Utara,0,,
310,Melaka,Kuala Linggi,0,Kuala Linggi,0,0,,
311,Terengganu,Kuala Paka,0,Kuala Paka,Kuala Paka,0,,
312,Johor,Kuala Sedili,0,Kuala Sedili,Kuala Sedili,0,,
313,Selangor,Kuala Sepang,0,Kuala Sepang,Kuala Sepang,0,,
314,Pahang,Kuantan Paya Laut,0,Kuantan Paya Laut,Kuantan Paya Laut,0,,
315,Kedah,Kubang Badak,0,Kubang Badak,Kubang Badak,0,,
316,Kelantan,Kubang Nibong,Kubang Nibong,0,0,0,,
317,Perlis,Kurong Batang,0,Kurong Batang,Kurong Batang,0,,
318,Johor,Labis,Labis,Labis,Labis,0,,Reserve name changed from Labis Utara to Labis to match DeptForestry map after checking locations
319,Johor,Labis Tambahan,Labis Tambahan,Labis Tambahan,Labis Tambahan,0,,
320,Johor,Labis Tengah,0,Labis Tengah,Labis Tengah,0,,
321,Johor,Labis Timur,0,Labis Timur,Labis Timur,0,,
322,Pulau Pinang,Lahar Endin,Lahar Endin,0,0,0,,
323,Pulau Pinang,Laksamana,0,Laksamana,Laksamana,0,,
324,Pahang,Lakum,0,Lakum,Lakum,0,Reserve name changed from Lakum (Temerloh) to Lakum to match gazette,Reserve name changed from Lakum Temerloh to Lakum to match DeptForestry map
325,Pahang,Lakum Tambahan,Lakum Tambahan,Lakum Tambahan,Lakum Tambahan,0,Reserve name changed from Lakum Tambahan (Bentong) to Lakum Tambahan to match gazette,Reserve name changed from Lakum (Tambahan) to Lakum Tambahan to match DeptForestry map
326,Pahang,Lata Jarum,Lata Jarum,0,0,0,,
327,Kelantan,Lebir,Lebir,Lebir,Lebir,0,,
328,Perak,Lekir,Lekir,Lekir,0,0,,
329,Negeri Sembilan,Lenggeng,0,Lenggeng,Lenggeng,0,,
330,Johor,Lenggor,0,Lenggor,Lenggor,0,,"Merged Lenggor Tengah, Lenggor Timur into Lenggor to match DeptForestry map after checking locations"
331,Pahang,Lentang,Lentang,Lentang,Lentang,0,,DOE's Lentang includes the Lentang Tambahan of DeptForestry map too
332,Pahang,Lentang Tambahan,Lentang Tambahan,Lentang Tambahan,0,0,,
333,Perak,Lepang Nenering,Lepang Nenering,Lepang Nenering,Lepang Nenering,0,,
334,Pahang,Lepar,Lepar,Lepar,Lepar,0,,DOE's Lepar includes the Lepar Tambahan of DeptForestry map too
335,Pahang,Lepar Tambahan,Lepar Tambahan,Lepar Tambahan,0,0,Reserve name changed from Lepar ( Tambahan ) to Lepar Tambahan to match gazette,
336,Pahang,Lesong,Lesong,Lesong,Lesong,0,,"DOE's Lesong includes parts of Sg Pukin Tambahan, Sungai Pukin, Taman Negeri Endau in the DeptForestry map"
337,Pahang,Lesung Tambahan,Lesung Tambahan,0,0,0,,
338,Kelantan,Limau Kasturi,0,0,Limau Kasturi,0,,
339,Melaka,Linggi,0,Linggi,Linggi,0,,
340,Melaka,Linggi Tambahan,0,Linggi Tambahan,0,0,Reserve name changed from Linggi (Tambahan) to Linggi Tambahan to match gazette,
341,Kelantan,Lojing,Lojing,Lojing,Lojing,0,,
342,Negeri Sembilan,Lukut,Lukut,0,0,0,,
343,Perak,Lumut,Lumut,Lumut,Lumut,0,,
344,Johor,Maokil,Maokil,Maokil,Maokil,0,,
345,Johor,Maokil Tambahan,Maokil Tambahan,0,0,0,,
346,Perlis,Mata Ayer,Mata Ayer,Mata Ayer,Mata Ayer,0,,
347,Selangor,Melawati,Melawati,0,0,Melawati,,
348,Pahang,Menchali,Menchali,Menchali,Menchali,0,,
349,Pahang,Mensum,Mensum,Mensum,0,0,Reserve name changed from Mensun to Mensum to match gazette,
350,Pahang,Mentigi,0,Mentigi,Mentigi,0,,
351,Pahang,Mentigi Tambahan,0,Mentigi Tambahan,Mentigi Tambahan,0,,Reserve name changed from Mentigi (Tambahan) to Mentigi Tambahan to match DeptForestry map
352,Kedah,Merbok,0,Merbok,Merbok,0,,
353,Kedah,Merbok Tambahan,Merbok Tambahan,0,0,0,,
354,Terengganu,Merchang,Merchang,Merchang,Merchang,0,Reserve name changed from Mercang to Merchang to match gazette,Reserve name changed from Mercang to Merchang to match DeptForestry map
355,Johor,Mergastua Endau Kota Tinggi,Mergastua Endau Kota Tinggi,0,0,0,,
356,Melaka,Merlimau,0,Merlimau,Merlimau,0,,
357,Johor,Mersing,Mersing,Mersing,Mersing,0,,
358,Johor,Mersing Tambahan,Mersing Tambahan,0,0,Mersing Tambahan,,
359,Pahang,Nenasi,0,Nenasi,Nenasi,0,,"Merged Nenasi, Nenasi Tambahan 2 into Nenasi to match DeptForestry map after checking locations"
360,Pahang,Nenasi Tambahan,Nenasi Tambahan,Nenasi Tambahan,Nenasi Tambahan,0,,Reserve name changed from Pekan Tambahan 1 to Nenasi Tambahan to match DeptForestry map
361,Kelantan,Nenggiri,0,Nenggiri,Nenggiri,0,,
362,Perak,Padang Chong,Padang Chong,Padang Chong,Padang Chong,0,,
363,Kedah,Padang Terap,0,Padang Terap,Padang Terap,0,,
364,Terengganu,Pak Kancil,0,Pak Kancil,Pak Kancil,0,,
365,Perak,Palong Tinggi,0,Palong Tinggi,Palong Tinggi,0,,
366,Perak,Pangkor Selatan,Pangkor Selatan,Pangkor Selatan,Pangkor Selatan,0,,
367,Perak,Pangkor Utara,Pangkor Utara,Pangkor Utara,Pangkor Utara,0,,
653,Johor,Pantai,0,0,0,Pantai,,
368,Negeri Sembilan,Pantai,Pantai,Pantai,Pantai,0,,
369,Pulau Pinang,Pantai Acheh,Pantai Acheh,Pantai Acheh,Pantai Acheh,0,,
370,Pahang,Pantai Chendor,Pantai Chendor,0,0,0,,
371,Johor,Panti,Panti,Panti,Panti,0,,
372,Pahang,Papai,0,Papai,Papai,0,,
373,Pahang,Papai Tambahan,Papai Tambahan,0,Papai Tambahan,0,,Reserve name changed from Papai (Tambahan) to Papai Tambahan to match DeptForestry map
374,Perak,Papulut,Papulut,Papulut,Papulut,0,,
375,Perak,Parit,Parit,Parit,Parit,0,,
376,Pulau Pinang,Pasir Gebu,Pasir Gebu,0,0,0,,
377,Negeri Sembilan,Pasir Panjang (Negeri Sembilan),Pasir Panjang (Negeri Sembilan),Pasir Panjang (Negeri Sembilan),Pasir Panjang (Negeri Sembilan),0,Reserve name changed from Pasir Panjang (N. Sembilan) to Pasir Panjang (Negeri Sembilan),Reserve name changed from Pasir Panjang (N. Sembilan) to Pasir Panjang (Negeri Sembilan)
378,Pulau Pinang,Pasir Panjang (Penang),0,Pasir Panjang (Penang),Pasir Panjang (Penang),0,"Reserve name added ""Penang"" to differentiate from the Negeri Sembilan reserve","Reserve name added ""Penang"" to differentiate from the Negeri Sembilan reserve"
379,Terengganu,Pasir Raja Barat,0,Pasir Raja Barat,Pasir Raja Barat,0,,
380,Terengganu,Pasir Raja Selatan,0,Pasir Raja Selatan,Pasir Raja Selatan,0,,
381,Negeri Sembilan,Pasoh,Pasoh,Pasoh,Pasoh,0,,
382,Negeri Sembilan,Paya Bakau,Paya Bakau,Paya Bakau,0,0,,
383,Perak,Paya Bakau Beting Beras Basah Bagan Datuk Tambahan,Paya Bakau Beting Beras Basah Bagan Datuk Tambahan,0,0,0,,
384,Terengganu,Paya Gelam,Paya Gelam,Paya Gelam,0,0,Reserve name changed from Paya Gelam (Wetland) R Abg to Paya Gelam to match gazette,
385,Pahang,Paya Laut Kuantan,Paya Laut Kuantan,0,0,0,,
386,Melaka,Paya Laut Merlimau,0,Paya Laut Merlimau,0,0,,
387,Melaka,Paya Laut Merlimau Tambahan,Paya Laut Merlimau Tambahan,Paya Laut Merlimau Tambahan,0,0,Reserve name changed from Paya Laut Merlimau (Tambahan) to Paya Laut Merlimau Tambahan to match gazette,
388,Pahang,Paya Laut Sungai Soi,Paya Laut Sungai Soi,0,0,0,,
389,Terengganu,Paya Mengkuang,Paya Mengkuang,0,0,0,,
390,Pahang,Paya Pasir,0,Paya Pasir,Paya Pasir,0,,
391,Kedah,Pedu,0,Pedu,Pedu,0,,
392,Pahang,Pekan,0,Pekan,Pekan,0,,"Merged Pekan, Pekan Tambahan into Pekan to match DeptForestry map after checking locations"
393,Pahang,Pekan Tambahan,Pekan Tambahan,Pekan Tambahan,Pekan Tambahan,0,,Reserve name changed from Pekan (Tambahan) to Pekan Tambahan to match DeptForestry map
394,Terengganu,Pelagat,Pelagat,Pelagat,Pelagat,0,,
395,Negeri Sembilan,Pelangai,Pelangai,Pelangai,Pelangai,0,,
403,Negeri Sembilan,Pelangai,Pelangai,Pelangai,Pelangai,0,,
396,Johor,Pendas,Pendas,0,0,Pendas,,
397,Pahang,Peramu,0,Peramu,Peramu,0,,
398,Kelantan,Perias,Perias,Perias,Perias,0,,
399,Pahang,Persit,Persit,Persit,Persit,0,,
400,Negeri Sembilan,Petai,Petai,Petai,Petai,0,,
401,Terengganu,Petuang,Petuang,Petuang,Petuang,0,,
402,Perak,Piah,Piah,Piah,Piah,0,,
404,Johor,Pogoh Tambahan,Pogoh Tambahan,0,0,Pogoh Tambahan,,
405,Perak,Pondok Tanjung,Pondok Tanjung,Pondok Tanjung,Pondok Tanjung,0,,
406,Pahang,Pontian Paya Laut,0,Pontian Paya Laut,Pontian Paya Laut,0,,
407,Pahang,Pukin Tambahan,Pukin Tambahan,0,0,0,,
408,Negeri Sembilan,Pulau Arang,0,Pulau Arang,Pulau Arang,0,,
409,Pulau Pinang,Pulau Betong,Pulau Betong,0,0,0,,
410,Kedah,Pulau Bidan,Pulau Bidan,0,0,Pulau Bidan,,
411,Selangor,Pulau Che Mat Zin,0,Pulau Che Mat Zin,Pulau Che Mat Zin,0,,Reserve name changed from Pulau Cek Mat Zin to Pulau Che Mat Zin to match DeptForestry map
412,Selangor,Pulau Che Mat Zin Tambahan,Pulau Che Mat Zin Tambahan,Pulau Che Mat Zin Tambahan,Pulau Che Mat Zin Tambahan,0,,
413,Kedah,Pulau Dayang Bunting,0,Pulau Dayang Bunting,Pulau Dayang Bunting,0,,
414,Kedah,Pulau Dayang Bunting Tambahan,Pulau Dayang Bunting Tambahan,0,0,0,,
415,Perak,Pulau Gula,0,Pulau Gula,Pulau Gula,0,,
416,Pulau Pinang,Pulau Jerejak,Pulau Jerejak,Pulau Jerejak,0,0,,
417,Perak,Pulau Kalumpang,0,Pulau Kalumpang,Pulau Kalumpang,0,,
418,Perak,Pulau Kecil,0,Pulau Kecil,Pulau Kecil,0,,
419,Perlis,Pulau Ketam (Perlis),Pulau Ketam (Perlis),0,0,0,"Reserve name added ""Perlis"" to differentiate from the one in Selangor",
420,Selangor,Pulau Ketam (Selangor),Pulau Ketam (Selangor),Pulau Ketam (Selangor),Pulau Ketam (Selangor),0,"Reserve name added ""Selangor"" to differentiate from the one in Perlis",
421,Perlis,Pulau Ketam Tambahan,Pulau Ketam Tambahan,0,0,Pulau Ketam Tambahan,,
422,Selangor,Pulau Klang,0,Pulau Klang,Pulau Klang,0,,
423,Selangor,Pulau Klang Tambahan,Pulau Klang Tambahan,Pulau Klang Tambahan,Pulau Klang Tambahan,0,,
424,Kedah,Pulau Langgun,0,Pulau Langgun,Pulau Langgun,0,,
425,Perak,Pulau Pasir Hitam,0,Pulau Pasir Hitam,Pulau Pasir Hitam,0,,
426,Selangor,Pulau Pintu Gedong,0,Pulau Pintu Gedong,Pulau Pintu Gedong,0,,
427,Terengganu,Pulau Redang,Pulau Redang,Pulau Redang,Pulau Redang,0,,
428,Selangor,Pulau Rusa,Pulau Rusa,Pulau Rusa,Pulau Rusa,0,,
429,Perak,Pulau Sangga Besar,0,Pulau Sangga Besar,Pulau Sangga Besar,0,,
430,Perak,Pulau Sangga Kecil,0,Pulau Sangga Kecil,Pulau Sangga Kecil,0,,
431,Selangor,Pulau Selat Kering,0,Pulau Selat Kering,Pulau Selat Kering,0,,
432,Selangor,Pulau Selat Kering Tambahan,Pulau Selat Kering Tambahan,Pulau Selat Kering Tambahan,Pulau Selat Kering Tambahan,0,,
433,Selangor,Pulau Selat Mahang,0,Pulau Selat Mahang,Pulau Selat Mahang,0,,
434,Selangor,Pulau Selat Meriam,0,Pulau Selat Meriam,Pulau Selat Meriam,0,,
435,Perak,Pulau Selinsing,0,Pulau Selinsing,Pulau Selinsing,0,,Reserve name changed from Pulau Selincing to Pulau Selinsing to match DeptForestry map
436,Kedah,Pulau Singa Besar,0,Pulau Singa Besar,Pulau Singa Besar,0,,
437,Kedah,Pulau Songsong,Pulau Songsong,0,0,Pulau Songsong,,
438,Selangor,Pulau Tengah,0,Pulau Tengah,Pulau Tengah,0,,
439,Selangor,Pulau Tengah Tambahan,Pulau Tengah Tambahan,Pulau Tengah Tambahan,Pulau Tengah Tambahan,0,,
440,Terengganu,Pulau Tenggol,0,Pulau Tenggol,Pulau Tenggol,0,,Reserve name changed from Pulau Tinggol to Pulau Tenggol to match DeptForestry map
441,Perak,Pulau Tiga,0,Pulau Tiga,Pulau Tiga,0,,
442,Kedah,Pulau Timun,0,Pulau Timun,Pulau Timun,0,,
443,Selangor,Pulau Tonggok,0,Pulau Tonggok,Pulau Tonggok,0,,
444,Perak,Pulau Trong Selatan,0,Pulau Trong Selatan,Pulau Trong Selatan,0,,
445,Perak,Pulau Trong Utara,0,Pulau Trong Utara,Pulau Trong Utara,0,,
446,Kedah,Pulau Tuba,Pulau Tuba,Pulau Tuba,Pulau Tuba,0,,
447,Pahang,Purun,0,Purun,Purun,0,,
448,Selangor,Raja Lumu,Raja Lumu,0,0,Raja Lumu,,
449,Selangor,Raja Musa,0,Raja Musa,Raja Musa,0,,
450,Terengganu,Rambai Daun,0,Rambai Daun,Rambai Daun,0,,
451,Selangor,Rantau Panjang,Rantau Panjang,Rantau Panjang,Rantau Panjang,0,,
452,Selangor,Rantau Panjang Tambahan,0,Rantau Panjang Tambahan,Rantau Panjang Tambahan,0,,
453,Terengganu,Rasau Kertih,0,Rasau Kertih,Rasau Kertih,0,,
454,Selangor,Rawang,Rawang,0,0,0,,
455,Kelantan,Relai,Relai,Relai,Relai,0,,
456,Kedah,Relau,0,Relau,Relau,0,,
457,Pahang,Reman Chereh,Reman Chereh,Reman Chereh,Reman Chereh,0,Merged Remen Chereh with Reman Chereh. Reserve name changed from Ramen Chereh to Reman Chereh to match gazette,Reserve name changed from Remen Chereh to Reman Chereh to match DeptForestry map
458,Pahang,Reman Chereh Tambahan,Reman Chereh Tambahan,Reman Chereh Tambahan,Reman Chereh Tambahan,0,Reserve name changed from Remen Chereh Tambahan to Reman Chereh Tambahan to match gazette,Reserve name changed from Remen Chereh Tambahan to Reman Chereh Tambahan to match DeptForestry map
459,Johor,Renggam,Renggam,Renggam,Renggam,0,,
460,Pahang,Resak Tambahan,Resak Tambahan,Resak Tambahan,Resak Tambahan,0,"Merged Resak Tambahan (Kuantan), Resak Tambahan (Rompin) into Resak Tambahan. Reserve name changed from Resak Tambahan (Kuantan) to Resak Tambahan to match gazette","Merged Resak, Resak Tambahan 1 Rompin, Resak Tambahan Kuantan into Resak Tambahan to match DeptForestry map after checking locations"
461,Perlis,Rimba Mas-Mas,Rimba Mas-Mas,Rimba Mas-Mas,Rimba Mas-Mas,0,,
462,Kedah,Rimba Teloi,Rimba Teloi,Rimba Teloi,Rimba Teloi,0,Rimba Teloi (Selatan) and Rimba Teloi (Tengah) merged into Rimba Teloi. Reserve name changed from Rimba Teloi (Selatan) to Rimba Teloi to match gazette. ,"Merged Rimba Teloi (Selatan), Rimbat Teloi (Tengah) into Rimba Teloi to match DeptForestry map after checking locations"
654,Kedah,Rimba Teloi Tambahan,0,0,0,Rimba Teloi Tambahan,,
463,Pahang,Ringlet,Ringlet,Ringlet,Ringlet,0,,
464,Pahang,Rompin Paya Laut,0,Rompin Paya Laut,Rompin Paya Laut,0,,
465,Pahang,Rotan Tunggal,Rotan Tunggal,Rotan Tunggal,Rotan Tunggal,0,,
466,Pahang,Rotan Tunggal Tambahan,0,Rotan Tunggal Tambahan,Rotan Tunggal Tambahan,0,,
467,Pahang,Sarli,0,Sarli,Sarli,0,,
468,Pahang,Satak,0,Satak,Satak,0,,
469,Johor,Sedenak,Sedenak,Sedenak,Sedenak,0,,
470,Perak,Segari Melintang,Segari Melintang,Segari Melintang,Segari Melintang,0,,
471,Pahang,Sejabun,0,Sejabun,0,0,,
472,Kedah,Selat Panchor,Selat Panchor,Selat Panchor,Selat Panchor,0,,
473,Johor,Seluyut,Seluyut,Seluyut,Seluyut,0,,
474,Selangor,Semangko Tambahan,Semangko Tambahan,Semangko Tambahan,Semangko Tambahan,0,Reserve name changed from Semangkok Tambahan to Semangko Tambahan to match gazette,
475,Selangor,Semangkok,0,Semangkok,Semangkok,0,,
476,Johor,Semberong Tambahan,Semberong Tambahan,Semberong Tambahan,Semberong Tambahan,0,,Reserve name changed from Sembrong Tambahan to Semberong Tambahan to match DeptForestry map
477,Selangor,Semenyih,Semenyih,0,0,Semenyih,,
478,Kelantan,Semerak,0,Semerak,Semerak,0,,
479,Pahang,Sempam,Sempam,Sempam,0,0,,
480,Negeri Sembilan,Senaling-Inas,Senaling-Inas,Senaling-Inas,Senaling-Inas,0,Reserve name changed from Senaling Inas to Senaling-Inas to match gazette,Reserve name changed from Gunung Tampin to Gunong Tampin to match DeptForestry map
481,Selangor,Sepang Kecil,0,Sepang Kecil,Sepang Kecil,0,,
482,Selangor,Sepang Kecil Tambahan,0,Sepang Kecil Tambahan,Sepang Kecil Tambahan,0,,
483,Kelantan,Serasa,0,Serasa,Serasa,0,,
484,Selangor,Serendah,0,Serendah,Serendah,0,,
485,Johor,Sermin,Sermin,Sermin,Sermin,0,,
486,Negeri Sembilan,Serting,Serting,Serting,Serting,0,,
487,Negeri Sembilan,Setul,Setul,Setul,Setul,0,,
488,Pahang,Sg. Wi A,0,Sg. Wi A,0,0,,
489,Pahang,Sg. Wi B,0,Sg. Wi B,0,0,,
490,Pahang,Sg. Wi C,0,Sg. Wi C,0,0,,
491,Pahang,Sg. Wi D,0,Sg. Wi D,0,0,,
492,Perak,Sinju,Sinju,0,0,0,,
493,Johor,Soga,0,Soga,Soga,0,,
494,Johor,Soga Tambahan,Soga Tambahan,0,0,0,,
495,Kelantan,Sokor Taku,Sokor Taku,Sokor Taku,Sokor Taku,0,Reserve name changed from Sokortaku to Sokor Taku to match gazette,Reserve name changed from Sokortaku to Sokor Taku to match DeptForestry map
496,Pahang,Som,Som,Som,Som,0,,
497,Pahang,Som Tambahan,Som Tambahan,0,0,0,,
498,Kelantan,Sultan Ismail Petra Ecosystem Protection Park,Sultan Ismail Petra Ecosystem Protection Park,0,0,0,,
499,Kedah,Sungai Badak,Sungai Badak,Sungai Badak,Sungai Badak,0,,
500,Johor,Sungai Bahan,0,0,Sungai Bahan,0,,
501,Perak,Sungai Baharu,0,Sungai Baharu,Sungai Baharu,0,,Reserve name changed from Sungai Bahru to Sungai Baharu to match DeptForestry map
502,Melaka,Sungai Baru Hilir,0,Sungai Baru Hilir,0,0,,
503,Perak,Sungai Batu,Sungai Batu,0,0,0,,
504,Pahang,Sungai Benchah,0,Sungai Benchah,Sungai Benchah,0,,Reserve name changed from Bencah to Sungai Benchah to match DeptForestry map after checking location
505,Kelantan,Sungai Berok,Sungai Berok,Sungai Berok,Sungai Berok,0,Reserve name changed from Sungai Brok to Sungai Berok to match gazette,Reserve name changed from Sungai Brok to Sungai Berok to match DeptForestry map
506,Pahang,Sungai Bertam,Sungai Bertam,0,0,0,,
507,Kuala Lumpur,Sungai Besi,Sungai Besi,Sungai Besi,Sungai Besi,0,Reserve name changed from Sg. Besi to Sungai Besi to match gazette,Reserve name changed from Sg Besi to Sungai Besi to match DeptForestry map
508,Kuala Lumpur,Sungai Besi Tambahan,0,Sungai Besi Tambahan,0,0,Reserve name changed from Sungai Besi (Tambahan) to Sungai Besi Tambahan to match gazette,
509,Kelantan,Sungai Betis,Sungai Betis,Sungai Betis,Sungai Betis,0,,
510,Kelantan,Sungai Betis Ganti,Sungai Betis Ganti,Sungai Betis Ganti,0,0,Reserve name changed from Sg. Betis Gantian to Sungai Betis Ganti to match gazette,Reserve name changed from Sg. Betis (Gantian) to Sungai Betis Ganti to match DeptForestry map
511,Selangor,Sungai Buloh,Sungai Buloh,Sungai Buloh,Sungai Buloh,0,,
512,Pulau Pinang,Sungai Chenaam,Sungai Chenaam,0,0,0,,
513,Perak,Sungai Chikus,Sungai Chikus,Sungai Chikus,Sungai Chikus,0,Reserve renamed from Chikus to Sungai Chikus to match gazette,Reserve renamed from Chikus to Sungai Chiku to match gazette
514,Kelantan,Sungai Durian,Sungai Durian,Sungai Durian,Sungai Durian,0,,
515,Selangor,Sungai Dusun,Sungai Dusun,Sungai Dusun,Sungai Dusun,0,,
516,Pahang,Sungai Ichat,Sungai Ichat,0,0,0,,
517,Pahang,Sungai Ikan,Sungai Ikan,0,0,0,,
518,Selangor,Sungai Jeloh,0,Sungai Jeloh,Sungai Jeloh,0,,Reserve name changed from Sungai Jelok to Sungai Jeloh to match DeptForestry map
519,Selangor,Sungai Karang,Sungai Karang,Sungai Karang,Sungai Karang,0,,
520,Johor,Sungai Kemudi,0,0,Sungai Kemudi,0,,
521,Pahang,Sungai Ketir,Sungai Ketir,0,0,0,,
522,Pahang,Sungai Kial,0,Sungai Kial,Sungai Kial,0,,
523,Pahang,Sungai Kial Tambahan,0,Sungai Kial Tambahan,Sungai Kial Tambahan,0,,Reserve name changed from Sungai Kial (Tambahan) to Sungai Kial Tambahan to match DeptForestry map after checking location
524,Perak,Sungai Kuak,Sungai Kuak,Sungai Kuak,Sungai Kuak,0,,
525,Selangor,Sungai Lalang,0,Sungai Lalang,Sungai Lalang,0,,
526,Selangor,Sungai Lalang Tambahan,Sungai Lalang Tambahan,Sungai Lalang Tambahan,Sungai Lalang Tambahan,0,,
527,Johor,Sungai Lebam,0,Sungai Lebam,Sungai Lebam,0,,
528,Pahang,Sungai Lembing,Sungai Lembing,0,0,0,,
529,Pahang,Sungai Lemoi,Sungai Lemoi,0,0,0,,
530,Pahang,Sungai Lesong,Sungai Lesong,0,0,0,,
531,Perak,Sungai Limau,0,Sungai Limau,Sungai Limau,0,,
532,Pahang,Sungai Marong,0,Sungai Marong,Sungai Marong,0,,
533,Pahang,Sungai Marong Tambahan,Sungai Marong Tambahan,0,0,0,,
534,Terengganu,Sungai Mekeluk,0,Sungai Mekeluk,Sungai Mekeluk,0,,
535,Pahang,Sungai Miang,Sungai Miang,0,Sungai Miang,0,,
536,Perak,Sungai Nibong,0,Sungai Nibong,Sungai Nibong,0,,
537,Terengganu,Sungai Nipah,Sungai Nipah,Sungai Nipah,Sungai Nipah,0,,
538,Terengganu,Sungai Paka,Sungai Paka,0,0,0,,
539,Selangor,Sungai Panjang,Sungai Panjang,0,0,Sungai Panjang,,
540,Johor,Sungai Pendas,Sungai Pendas,0,0,0,,
541,Terengganu,Sungai Pimpin,0,Sungai Pimpin,Sungai Pimpin,0,,
542,Perak,Sungai Pinang,Sungai Pinang,Sungai Pinang,Sungai Pinang,0,,
543,Pulau Pinang,Sungai Pinang Plot 1,Sungai Pinang Plot 1,0,0,0,,
544,Pulau Pinang,Sungai Pinang Plot 2,Sungai Pinang Plot 2,0,0,0,,
545,Perak,Sungai Plus,Sungai Plus,0,0,0,,
546,Pahang,Sungai Pukin,0,Sungai Pukin,Sungai Pukin,0,,Reserve name changed from Pukin to Sungai Pukin to match DeptForestry map after checking location
547,Pahang,Sungai Pukin Tambahan,Sungai Pukin Tambahan,Sungai Pukin Tambahan,0,0,Reserve name changed from Sg. Pukin Tambahan to Sungai Pukin Tambahan to match gazette,
548,Pulau Pinang,Sungai Rusa Plot 2,Sungai Rusa Plot 2,0,0,0,,
549,Pulau Pinang,Sungai Rusa Plot 3,Sungai Rusa Plot 3,0,0,0,,
550,Kelantan,Sungai Sam,Sungai Sam,Sungai Sam,Sungai Sam,0,,
551,Johor,Sungai Santi,0,Sungai Santi,Sungai Santi,0,,
552,Kelantan,Sungai Sator,0,Sungai Sator,Sungai Sator,0,,
553,Johor,Sungai Segamat,Sungai Segamat,Sungai Segamat,Sungai Segamat,0,,
554,Perak,Sungai Sepetang,0,Sungai Sepetang,Sungai Sepetang,0,,
555,Pahang,Sungai Sia,0,Sungai Sia,Sungai Sia,0,,
556,Pahang,Sungai Telom,Sungai Telom,0,0,0,,
557,Perak,Sungai Temerlok,0,Sungai Temerlok,Sungai Temerlok,0,,Reserve name changed from Temerlok to Sungai Temerlok to match DeptForestry map after checking location
558,Kelantan,Sungai Terah,0,Sungai Terah,Sungai Terah,0,,
559,Pahang,Sungai Terla,Sungai Terla,Sungai Terla,Sungai Terla,0,"Merged Sungai Terla A, Sungai Terla B into Sungai Terla. Reserve name changed from Sungai Terla A to Sungai Terla to match gazette",
560,Perak,Sungai Tinggi,Sungai Tinggi,Sungai Tinggi,Sungai Tinggi,0,,
561,Pulau Pinang,Sungai Udang,Sungai Udang,0,0,0,,
562,Pahang,Sungai Wi,0,Sungai Wi,Sungai Wi,0,,
563,Melaka,Sungei Baru Ulu,0,Sungei Baru Ulu,0,0,,
564,Johor,Sungei Johor,Sungei Johor,Sungei Johor,Sungei Johor,0,Reserve name changed from Sungai Johor to Sungei Johor to match gazette,Reserve name changed from Sungai Johor to Sungei Johor to match DeptForestry map
565,Negeri Sembilan,Sungei Menyala,Sungei Menyala,Sungei Menyala,Sungei Menyala,0,Reserve name changed from Sungai Menyala to Sungei Menyala to match gazette,Reserve name changed from Gunung Tampin to Gunong Tampin to match DeptForestry map
566,Johor,Sungei Pulai,Sungei Pulai,Sungei Pulai,Sungei Pulai,0,Reserve name changed from Sungai Pulai to Sungei Pulai to match gazette,Reserve name changed from Sungai Pulai to Sungei Pulai to match DeptForestry map
567,Kelantan,Sungei Rek,0,Sungei Rek,Sungei Rek,0,,Reserve name changed from Sungai Rek to Sungei Rek to match DeptForestry map
568,Melaka,Sungei Udang,Sungei Udang,Sungei Udang,Sungei Udang,0,Reserve name changed from Sungai Udang to Sungei Udang to match gazette,Reserve name changed from Sungai Udang to Sungei Udang to match DeptForestry map
569,Kedah,Sungkop,0,Sungkop,Sungkop,0,,
570,Melaka,Taboh Naning,0,Taboh Naning,0,0,,
571,Selangor,Tadahan Air Ampang,Tadahan Air Ampang,0,0,0,,
572,Kedah,Tadahan Air Kulim,0,Tadahan Air Kulim,Tadahan Air Kulim,0,,
573,Kedah,Tadahan Air Parit Buntar,0,Tadahan Air Parit Buntar,Tadahan Air Parit Buntar,0,,
574,Pahang,Taman Negeri Endau Rompin,0,Taman Negeri Endau Rompin,Taman Negeri Endau Rompin,0,,Reserve name changed from Taman Negeri Endau to Taman Negeri Endau Rompin to match DeptForestry map after checking location
198,Negeri Sembilan,Tampin,Tampin,Tampin,Tampin,0,Reserve name changed from Gunung Tampin to Tampin to match gazette,Reserve name changed from Gunung Tampin toTampin to match DeptForestry map
575,Perak,Tanjong Burong Tambahan,Tanjong Burong Tambahan,0,0,0,,
576,Selangor,Tanjong Duabelas,Tanjong Duabelas,0,0,Tanjong Duabelas,,
577,Perak,Tanjong Hantu,Tanjong Hantu,Tanjong Hantu,Tanjong Hantu,0,Reserve name changed from Tanjung Hantu to Tanjong Hantu to match gazette,Reserve name changed from Tanjung Hantu to Tanjong Hantu to match DeptForestry map
578,Perak,Tanjung Burung,0,Tanjung Burung,Tanjung Burung,0,,
579,Kedah,Tanjung Dagu,0,Tanjung Dagu,Tanjung Dagu,0,,
580,Pulau Pinang,Tanjung Gemuruh,Tanjung Gemuruh,0,0,0,,
581,Melaka,Tanjung Tuan,0,Tanjung Tuan,Tanjung Tuan,0,,
582,Pahang,Tanum,0,Tanum,Tanum,0,,
583,Pahang,Tanum Tambahan,Tanum Tambahan,0,0,0,,
584,Perak,Tapah Hills,Tapah Hills,0,0,0,,
585,Negeri Sembilan,Tebong,0,Tebong,Tebong,0,,
586,Pahang,Tekai,Tekai,Tekai,Tekai,0,Reserve name changed from Tekai Tembeling to Tekai to match gazette,
587,Pahang,Tekai Tembeling,Tekai Tembeling,Tekai Tembeling,Tekai Tembeling,0,Reserve name changed from Tekai Tembeling (Tambahan) to Tekai Tembeling to match gazette,Reserve name changed from Tembeling to Tekai Tembeling to match DeptForestry map after checking location
588,Pahang,Tekam,0,Tekam,Tekam,0,,DOE's Tekam includes Tekam Tambahan in DeptForestry map
589,Pahang,Tekam Tambahan,0,Tekam Tambahan,0,0,Reserve name changed from Tekam(Tambahan) to Tekam Tambahan to match gazette,
590,Pahang,Telanok,0,Telanok,0,0,,
591,Perak,Telok Batik,0,Telok Batik,Telok Batik,0,,
592,Selangor,Telok Gedong,0,Telok Gedong,Telok Gedong,0,,"Merged Telok Gedong Tambahan, Telok Gedong into Telok Gedong to match DeptForestry map after checking locations"
593,Perak,Telok Kertang,0,Telok Kertang,Telok Kertang,0,,
594,Pulau Pinang,Teluk Bahang,0,Teluk Bahang,Teluk Bahang,0,,
595,Perak,Teluk Kopiah,0,Teluk Kopiah,Teluk Kopiah,0,,Reserve name changed from Telok Kepiah to Teluk Kopiah to match DeptForestry map
596,Perak,Teluk Meroh,Teluk Meroh,Teluk Meroh,Teluk Meroh,0,Reserve name changed from Teluk Muroh to Teluk Meroh to match gazette,Reserve name changed from Telok Muroh to Teluk Meroh to match DeptForestry map
597,Perak,Teluk Nipah,Teluk Nipah,0,0,0,,
598,Perak,Teluk Tiga,Teluk Tiga,0,0,0,,
599,Kelantan,Temangan,0,Temangan,Temangan,0,,
600,Terengganu,Tembat,Tembat,Tembat,Tembat,0,,
601,Pahang,Temelong,0,Temelong,Temelong,0,,
602,Perak,Temengor,Temengor,Temengor,Temengor,0,Reserve name changed from Temenggor to Temengor to match gazette,Reserve name changed from Temenggor to Temengor to match DeptForestry map
603,Pahang,Temiang,0,Temiang,Temiang,0,,
604,Selangor,Templer,0,Templer,Templer,0,,
605,Pahang,Tenggalan,Tenggalan,Tenggalan,Tenggalan,0,,Reserve name changed from Tenggelan to Tenggalan to match DeptForestry map
606,Johor,Tenggaroh,Tenggaroh,0,Tenggaroh,0,,
607,Johor,Tenggaroh Tambahan A,Tenggaroh Tambahan A,0,0,0,,
608,Johor,Tenggaroh Tambahan B,Tenggaroh Tambahan B,0,0,0,,
609,Johor,Tenggaroh Tambahan C,Tenggaroh Tambahan C,0,0,0,,
610,Kelantan,Terah,Terah,0,0,0,,
611,Pahang,Teras,0,Teras,Teras,0,,
612,Kedah,Terenas,0,Terenas,Terenas,0,"Terenas includes ""Terenas Tambahan"" in Others maps",
613,Kedah,Terenas Tambahan,Terenas Tambahan,0,0,Terenas Tambahan,,
614,Pahang,Terengun,Terengun,Terengun,Terengun,0,Reserve name changed from Terenggun to Terengun to match gazette,Reserve name changed from Terenggun to Terengun to match DeptForestry map
615,Pahang,Terisu,0,Terisu,0,0,"Merged Terisu A, Terisu B into Terisu. Reserve name changed from Terisu A to Terisu to match gazette",
616,Pahang,Tersang,Tersang,Tersang,Tersang,0,,DOE's Tersang includes Tersang Tambahan in DeptForestry map
617,Pahang,Tersang Tambahan,0,Tersang Tambahan,0,0,,
618,Pahang,Tranum,0,Tranum,Tranum,0,,
619,Negeri Sembilan,Triang,Triang,Triang,Triang,0,,"Merged Triang Barat, Triang Timur into Triang to match DeptForestry map after checking locations"
620,Perak,Trong,0,Trong,Trong,0,,
621,Pahang,Ulu Bertam,Ulu Bertam,Ulu Bertam,Ulu Bertam,0,,
622,Pahang,Ulu Beruit,0,Ulu Beruit,Ulu Beruit,0,,
623,Kelantan,Ulu Galas,Ulu Galas,Ulu Galas,Ulu Galas,0,,
624,Selangor,Ulu Gombak,Ulu Gombak,Ulu Gombak,Ulu Gombak,0,Reserve name changed from Hulu Gombak  to Ulu Gombak to match gazette,Reserve name changed from Hulu Gombak  to Ulu Gombak to match gazette
625,Selangor,Ulu Gombak Tambahan,Ulu Gombak Tambahan,Ulu Gombak Tambahan,Ulu Gombak Tambahan,0,,
626,Selangor,Ulu Gombak Tambahan 1,Ulu Gombak Tambahan 1,Ulu Gombak Tambahan 1,Ulu Gombak Tambahan 1,0,,
627,Selangor,Ulu Gombak Tambahan 3,Ulu Gombak Tambahan 3,Ulu Gombak Tambahan 3,0,0,Reserve name changed from Ulu Gombak Tambahan III to Ulu Gombak Tambahan 3 to match gazette,
628,Pahang,Ulu Ichat,0,Ulu Ichat,Ulu Ichat,0,,
629,Pahang,Ulu Jelai,Ulu Jelai,Ulu Jelai,Ulu Jelai,0,,
630,Pahang,Ulu Jelai Tambahan,Ulu Jelai Tambahan,Ulu Jelai Tambahan,Ulu Jelai Tambahan,0,Reserve name changed from Hulu Jelai Tambahan to Ulu Jelai Tambahan to match gazette,
631,Pahang,Ulu Luit,Ulu Luit,Ulu Luit,Ulu Luit,0,,
632,Pahang,Ulu Mas,0,Ulu Mas,Ulu Mas,0,,
633,Kedah,Ulu Muda Selatan,0,Ulu Muda Selatan,Ulu Muda Selatan,0,,
634,Kedah,Ulu Muda Tambahan,Ulu Muda Tambahan,0,0,Ulu Muda Tambahan,,
635,Kedah,Ulu Muda Tengah,0,0,Ulu Muda Tengah,0,,
636,Kelantan,Ulu Nenggiri,Ulu Nenggiri,0,0,0,,
637,Kelantan,Ulu Sat,Ulu Sat,Ulu Sat,Ulu Sat,0,,
638,Johor,Ulu Sedili,0,Ulu Sedili,Ulu Sedili,0,,"Merged Ulu Sedili Selatan, Ulu Sedili Tengah, Ulu Sedili Timur into Ulu Sedili to match DeptForestry map after checking locations"
639,Johor,Ulu Sedili Tambahan,Ulu Sedili Tambahan,Ulu Sedili Tambahan,Ulu Sedili Tambahan,Ulu Sedili Tambahan,,"Merged Ulu Sedili Selatan Tamb (Ldg), Ulu Sedili Timur Tambh (Ldg) into Ulu Sedili Tambahan to match DeptForestry map after checking locations"
640,Perak,Ulu Slim,Ulu Slim,0,0,0,,
641,Kelantan,Ulu Temiang,Ulu Temiang,Ulu Temiang,Ulu Temiang,0,,
642,Perlis,Wang Mu,Wang Mu,Wang Mu,Wang Mu,0,,
643,Melaka,X - NOT STATED,X - NOT STATED,0,0,0,,
644,Pahang,X - NOT STATED,X - NOT STATED,0,0,0,,
645,Negeri Sembilan,X - NOT STATED,X - NOT STATED,0,0,0,,
646,Pahang,Yong,Yong,Yong,Yong,0,,DOE's Yong includes Yong Lipis in DeptForestry map
647,Pahang,Yong Lipis,0,Yong Lipis,0,0,Reserve name changed from Yong (Lipis) to Yong Lipis,
648,Pahang,Yong Tambahan,Yong Tambahan,Yong Tambahan,0,0,,
649,Pahang,Yong Tambahan B,0,Yong Tambahan B,Yong Tambahan B,0,Reserve name changed from Yong (Tambahan B) to Yong Tambahan B to match gazette,Reserve name changed from Yong (Tambahan B) to Yong Tambahan B to match DeptForestry map
650,Pahang,Yong Tambahan Lipis,0,Yong Tambahan Lipis,Yong Tambahan Lipis,0,Reserve name changed from Yong Tambahan ( Lipis) to Yong Tambahan Lipis to match gazette,Reserve name changed from Yong (Tambahan A) to Yong Tambahan Lipis to match DeptForestry map after checking location
651,Pahang,Yu,Yu,Yu,Yu,0,Reserve name changed from Sungai Yu to Yu to match gazette,Reserve name changed from Sungai Yu to Yu to match DeptForestry map
652,Perak,Z - NOT NAMED,0,Z - NOT NAMED,0,0,,
ADDED AFTER 31/12/2025,,,,,,,,
653,Pahang,Galing,Galing,0,0,0,,
654,Melaka,Paya Laut Merlimau Pantai,Paya Laut Merlimau Pantai,0,0,0,,
655,Pahang,Ulu Teranum Tambahan,Ulu Teranum Tambahan,0,0,0,,
